<?xml version="1.0" encoding="UTF-8"?>
<modification>
	<id>Ultimate Seo Package</id>
	<version>2.2</version>
	<vqmver>2.5.0</vqmver>
	<author>Jason Clark (mithereal@gmail.com)</author>

	<file name="admin/controller/catalog/product.php">
		<operation>
		<search position="after"><![CDATA[
				public function add() {
			]]></search>
			<add><![CDATA[
			//	Ultimate Seo Package
			if ($this->request->server['REQUEST_METHOD'] == 'POST') { //uuu
				if (isset($this->request->post['used_auto_meta']) && is_array($this->request->post['used_auto_meta'])) {
					foreach ($this->request->post['used_auto_meta'] as $key => $value) {
						if ($value == 'checked') {
							if ($this->config->get('useo_meta_num') ) $num = (int)$this->config->get('useo_meta_num');
							else $num = 180;
							$meta_description = substr(strip_tags(html_entity_decode($this->request->post['product_description'][$key]['description'])),0,$num);
							$meta_description = trim(preg_replace('/[ ]{2,}|[\t]/', ' ', $meta_description));							
							$this->request->post['product_description'][$key]['meta_description'] = $meta_description;	
							$meta_keywords = preg_replace("/[^A-Za-z0-9 ]/", ' ', $this->request->post['product_description'][$key]['name']).' ';
							$meta_keywords .= preg_replace("/[^A-Za-z0-9 ]/", ' ', $this->request->post['product_description'][$key]['tag']);
							$meta_keywords = explode(' ',$meta_keywords);
							foreach($meta_keywords as $m_key => $m_value) {
								$m_value = trim($m_value);
								if (empty($m_value) ) unset($meta_keywords[$m_key]);
								else $meta_keywords[$m_key] = $m_value;
							}	
							$meta_keywords = implode(",",$meta_keywords);
							$this->request->post['product_description'][$key]['meta_keyword'] = $meta_keywords;
						$this->request->post['product_description'][$key]['meta_keyword'] = $meta_keywords;
						if (empty($this->request->post['keyword']) && isset($this->request->post['product_description'][$key]['name'])){
							$this->request->post['keyword'] = $this->request->post['product_description'][$key]['name'];
						}
						}
					}
				}
			}
			//  END Ultimate Seo Package
                    ]]></add>
		</operation>

		<operation>
		<search position="before"><![CDATA[
				$this->model_catalog_product->addProduct($this->request->post);
			]]></search>
			<add><![CDATA[
                            //	Ultimate Seo Package
			if (!isset($this->request->post['keyword']) || empty($this->request->post['keyword']) ) { //uuu
				$u_non_alpha = '/[,]|[\']|[`]|[~]|[!]|[@]|[#]|[$]|[%]|[\^]|[&]|[*]|[(]|[)]|[_]|[-]|[{]|[}]|[\"]|[?]|[\\\]|[\|]|[\/]|[+]|[=]|[\[]|[\]]|[;]|[:]|[>]|[.]|[<]/';
				$u_lang = $this->config->get('config_language_id');
				$u_keyword = html_entity_decode($this->request->post['product_description'][$u_lang]['name']);
				$u_keyword = preg_replace($u_non_alpha, '',$u_keyword);
				$u_keyword = trim(preg_replace('/[ ]{2,}|[\t]/', ' ', $u_keyword) );
				$u_keyword = preg_replace('/[ ]/','-',$u_keyword);
				
				if (empty($u_keyword) ) $u_keyword = 'product';
				while(true) {
					$u_query = $this->db->query("SELECT keyword FROM " . DB_PREFIX . "url_alias WHERE keyword = '" . $this->db->escape("$u_keyword") ."'");
					if ($u_query->num_rows) {
						$u_keyword = $u_keyword.rand(1,9);
					}
					else {
						break;
					}
				}
				$this->request->post['keyword'] = $u_keyword;
			}
                            //	END Ultimate Seo Package
			]]></add>
		</operation>

		<operation>
		<search position="after"><![CDATA[
				public function edit() {
			]]></search>
			<add><![CDATA[
                            //	Ultimate Seo Package
			if ($this->request->server['REQUEST_METHOD'] == 'POST') { //uuu
				if (isset($this->request->post['used_auto_meta']) && is_array($this->request->post['used_auto_meta'])) {
					foreach ($this->request->post['used_auto_meta'] as $key => $value) {
						if ($value == 'checked') {
							if ($this->config->get('useo_meta_num') ) $num = (int)$this->config->get('useo_meta_num');
							else $num = 180;
							$meta_description = substr(strip_tags(html_entity_decode($this->request->post['product_description'][$key]['description'])),0,$num);
							$meta_description = trim(preg_replace('/[ ]{2,}|[\t]/', ' ', $meta_description));							
							$this->request->post['product_description'][$key]['meta_description'] = $meta_description;	
							$meta_keywords = preg_replace("/[^A-Za-z0-9 ]/", ' ', $this->request->post['product_description'][$key]['name']).' ';
							$meta_keywords .= preg_replace("/[^A-Za-z0-9 ]/", ' ', $this->request->post['product_description'][$key]['tag']);
							$meta_keywords = explode(' ',$meta_keywords);
							foreach($meta_keywords as $m_key => $m_value) {
								$m_value = trim($m_value);
								if (empty($m_value) ) unset($meta_keywords[$m_key]);
								else $meta_keywords[$m_key] = $m_value;
							}	
							$meta_keywords = implode(",",$meta_keywords);
							$this->request->post['product_description'][$key]['meta_keyword'] = $meta_keywords;
							if (empty($this->request->post['keyword']) && isset($this->request->post['product_description'][$key]['name'])){
							$this->request->post['keyword'] = $this->request->post['product_description'][$key]['name'];
						}
						}
					}
				}
			}
                           //	END Ultimate Seo Package
			]]></add>
		</operation>

		<operation>
		<search position="before"><![CDATA[
				if (isset($this->request->post['model'])) {
			]]></search>
			<add><![CDATA[
                            //	Ultimate Seo Package
			if (isset($this->request->post['useo_auto_meta'])) { //uuu
			$data['useo_auto_meta'] = $this->request->post['useo_auto_meta'];
		} elseif ($this->config->get('useo_auto_meta') && $this->config->get('useo_auto_meta') == 'yes' && is_array($data['product_description']) ) {
			$useo_temp = $data['languages'];
			foreach ($useo_temp as $us) {
				$data['useo_auto_meta'][$us['language_id']] = 'checked';
			}	
		} else {
			$data['useo_auto_meta'] = array();
		}
		if ($this->config->get('useo_meta_num') ) //uuu
			$data['useo_meta_num'] = (int)$this->config->get('useo_meta_num');
		else
			$data['useo_meta_num'] = '180';
                            //	END Ultimate Seo Package
			]]></add>
		</operation>
	</file>

	<file name="admin/controller/catalog/category.php">
		<operation>
		<search position="after"><![CDATA[
				public function add() {
			]]></search>
			<add><![CDATA[
                            //	Ultimate Seo Package
			if ($this->request->server['REQUEST_METHOD'] == 'POST') { //uuu
			if (isset($this->request->post['used_auto_meta']) && is_array($this->request->post['used_auto_meta'])) {
				foreach ($this->request->post['used_auto_meta'] as $key => $value) {
					if ($value == 'checked') {
						if ($this->config->get('useo_num') ) $num = (int)$this->config->get('useo_num');
						else $num = 180;
						$meta_description = substr(strip_tags(html_entity_decode($this->request->post['category_description'][$key]['description'])),0,$num);
						$meta_description = trim(preg_replace('/[ ]{2,}|[\t]/', ' ', $meta_description));							
						$this->request->post['category_description'][$key]['meta_description'] = $meta_description;	
						$meta_keywords = preg_replace("/[^A-Za-z0-9 ]/", ' ', $this->request->post['category_description'][$key]['name']);
						$meta_keywords = explode(' ',$meta_keywords);
						foreach($meta_keywords as $m_key => $m_value) {
							$m_value = trim($m_value);
							if (empty($m_value) ) unset($meta_keywords[$m_key]);
							else $meta_keywords[$m_key] = $m_value;
						}	
						$meta_keywords = implode(",",$meta_keywords);
						$this->request->post['category_description'][$key]['meta_keyword'] = $meta_keywords;
					}
				}
			}
		}
                           //	END Ultimate Seo Package
			]]></add>
		</operation>

		<operation>
		<search position="before"><![CDATA[
				$this->model_catalog_category->addCategory($this->request->post);
			]]></search>
			<add><![CDATA[
                            //	Ultimate Seo Package
			if (!isset($this->request->post['keyword']) || empty($this->request->post['keyword']) ) { //uuu
				$u_non_alpha = '/[,]|[\']|[`]|[~]|[!]|[@]|[#]|[$]|[%]|[\^]|[&]|[*]|[(]|[)]|[_]|[-]|[{]|[}]|[\"]|[?]|[\\\]|[\|]|[\/]|[+]|[=]|[\[]|[\]]|[;]|[:]|[>]|[.]|[<]/';
				$u_lang = $this->config->get('config_language_id');
				$u_keyword = html_entity_decode($this->request->post['category_description'][$u_lang]['name']);
				$u_keyword = preg_replace($u_non_alpha, '',$u_keyword);
				$u_keyword = trim(preg_replace('/[ ]{2,}|[\t]/', ' ', $u_keyword) );
				$u_keyword = preg_replace('/[ ]/','-',$u_keyword);
				
				if (empty($u_keyword) ) $u_keyword = 'category';
				while(true) {
					$u_query = $this->db->query("SELECT keyword FROM " . DB_PREFIX . "url_alias WHERE keyword = '" . $this->db->escape("$u_keyword") ."'");
					if ($u_query->num_rows) {
						$u_keyword = $u_keyword.rand(1,9);
					}
					else {
						break;
					}
				}
				$this->request->post['keyword'] = $u_keyword;
			}
                            //	END Ultimate Seo Package
			]]></add>
		</operation>

		<operation>
		<search position="after"><![CDATA[
				public function edit() {
			]]></search>
			<add><![CDATA[
                            //	Ultimate Seo Package
			if ($this->request->server['REQUEST_METHOD'] == 'POST') { //uuu
			if (isset($this->request->post['used_auto_meta']) && is_array($this->request->post['used_auto_meta'])) {
				foreach ($this->request->post['used_auto_meta'] as $key => $value) {
					if ($value == 'checked') {
						if ($this->config->get('useo_num') ) $num = (int)$this->config->get('useo_num');
						else $num = 180;
						$meta_description = substr(strip_tags(html_entity_decode($this->request->post['category_description'][$key]['description'])),0,$num);
						$meta_description = trim(preg_replace('/[ ]{2,}|[\t]/', ' ', $meta_description));							
						$this->request->post['category_description'][$key]['meta_description'] = $meta_description;	
						$meta_keywords = preg_replace("/[^A-Za-z0-9 ]/", ' ', $this->request->post['category_description'][$key]['name']);
						$meta_keywords = explode(' ',$meta_keywords);
						foreach($meta_keywords as $m_key => $m_value) {
							$m_value = trim($m_value);
							if (empty($m_value) ) unset($meta_keywords[$m_key]);
							else $meta_keywords[$m_key] = $m_value;
						}	
						$meta_keywords = implode(",",$meta_keywords);
						$this->request->post['category_description'][$key]['meta_keyword'] = $meta_keywords;
					if (empty($this->request->post['keyword']) && isset($this->request->post['product_description'][$key]['name'])){
							$this->request->post['keyword'] = $this->request->post['product_description'][$key]['name'];
						}
				}
			}
		}}
                            //	END Ultimate Seo Package
			]]></add>
		</operation>

		<operation>
		<search position="before"><![CDATA[
				$this->response->setOutput($this->load->view('catalog/category_form.tpl', $data));		
			]]></search>
			<add><![CDATA[
                            //	Ultimate Seo Package
			if (isset($this->request->post['useo_auto_meta'])) { //uuu
			$data['useo_auto_meta'] = $this->request->post['useo_auto_meta'];
		} elseif ($this->config->get('useo_auto_meta') && $this->config->get('useo_auto_meta') == 'yes' && is_array($data['category_description']) ) {
			$useo_temp = $data['languages'];
			foreach ($useo_temp as $us) {
				$data['useo_auto_meta'][$us['language_id']] = 'checked';
			}
		} else {
			$data['useo_auto_meta'] = array();
		}
		if ($this->config->get('useo_meta_num') ) //uuu
			$data['useo_meta_num'] = $this->config->get('useo_meta_num');
		else
			$data['useo_meta_num'] = '180';
                            //	END Ultimate Seo Package
			]]></add>
		</operation>
	</file>
        
	<file name="admin/model/catalog/product.php">
		<operation>
		<search position="after" offset="2"><![CDATA[
				foreach ($data['product_description'] as $language_id => $value) {
			]]></search>
			<add><![CDATA[
                            //	Ultimate Seo Package
			foreach ($data['product_description'] as $language_id => $value) { //uuu
			$this->db->query("UPDATE " . DB_PREFIX . "product_description SET u_title = '" . $this->db->escape($value['u_title']) . "', u_h1 = '". $this->db->escape($value['u_h1']) ."',u_h2 = '". $this->db->escape($value['u_h2']) ."' WHERE product_id = '". (int)$product_id ."' AND language_id = '". (int)$language_id ."'");
		}
                            //	END Ultimate Seo Package
			]]></add>
		</operation>
		<operation>
		<search position="before"><![CDATA[
				$product_description_data[$result['language_id']] = array(
			]]></search>
			<add><![CDATA[
			if(!array_key_exists('u_title',$result)){
			$result['u_title'] = $result['meta_title'];
			}
			if(!array_key_exists('u_h1',$result)){
			$result['u_h1'] = '';
			}
			if(!array_key_exists('u_h2',$result)){
			$result['u_h2'] = '';
			}
			]]></add>
		</operation>
		<operation>
		<search position="after"><![CDATA[
				$product_description_data[$result['language_id']] = array(
			]]></search>
			<add><![CDATA[
			'u_title' 				 => $result['u_title'], ////	Ultimate Seo Package
				'u_h1'						 => $result['u_h1'], ////	Ultimate Seo Package
				'u_h2'						 => $result['u_h2'], ////	Ultimate Seo Package
			]]></add>
		</operation>
	</file>

	<file name="admin/model/catalog/category.php">
		<operation>
		<search position="after" offset="2"><![CDATA[
				foreach ($data['category_description'] as $language_id => $value) {
			]]></search>
			<add><![CDATA[
                            //	Ultimate Seo Package
			foreach ($data['category_description'] as $language_id => $value) { //uuu
			$this->db->query("UPDATE " . DB_PREFIX . "category_description SET u_title = '" . $this->db->escape($value['u_title']) . "', u_h1 = '". $this->db->escape($value['u_h1']) ."',u_h2 = '". $this->db->escape($value['u_h2']) ."' WHERE category_id = '". (int)$category_id ."' AND language_id = '". (int)$language_id ."'");
		}
                            //	END Ultimate Seo Package
			]]></add>
		</operation>

<operation>
		<search position="before"><![CDATA[
				$category_description_data[$result['language_id']] = array(
			]]></search>
			<add><![CDATA[
			if(!array_key_exists('u_title',$result)){
			$result['u_title'] = $result['meta_title'];
			}
			if(!array_key_exists('u_h1',$result)){
			$result['u_h1'] = '';
			}
			if(!array_key_exists('u_h2',$result)){
			$result['u_h2'] = '';
			}
			]]></add>
		</operation>

		<operation>
		<search position="after"><![CDATA[
				$category_description_data[$result['language_id']] = array(
			]]></search>
			<add><![CDATA[
			'u_title' 				 => $result['u_title'], ////	Ultimate Seo Package
				'u_h1'						 => $result['u_h1'], ////	Ultimate Seo Package
				'u_h2'						 => $result['u_h2'], ////	Ultimate Seo Package
			]]></add>
		</operation>
	</file>

	<file name="catalog/controller/product/product.php">
		<operation>
		<search position="replace"><![CDATA[
				$this->document->setTitle($product_info['meta_title']);
			]]></search>
			<add><![CDATA[
                            //	Ultimate Seo Package
			if (isset($product_info['u_title']) && !empty($product_info['u_title'] ) ) { 
				$this->document->setTitle(trim($product_info['u_title']) );
			}
			else {
				$this->document->setTitle($product_info['meta_title']);
			}
                            //	END Ultimate Seo Package
			]]></add>
		</operation>

		<operation>
		<search position="replace"><![CDATA[
				$data['heading_title'] = $product_info['name'];
			]]></search>
			<add><![CDATA[
                            //	Ultimate Seo Package
			if (isset($product_info['u_h1']) && !empty($product_info['u_h1'] ) ) { 
				$data['heading_title'] = trim($product_info['u_h1']);
			}
			else {
				$data['heading_title'] = $product_info['name'];
			}
			if (isset($product_info['u_h2']) && !empty($product_info['u_h2'] ) ) { 
				$data['useo_heading_title2'] = trim($product_info['u_h2']);
			}
                            //	END Ultimate Seo Package
			]]></add>
		</operation>
	</file>

	<file name="catalog/controller/product/category.php">
		<operation>
		<search position="replace"><![CDATA[
				$this->document->setTitle($category_info['meta_title']);
			]]></search>
			<add><![CDATA[
                            //	Ultimate Seo Package
			if (isset($category_info['u_title']) && !empty($category_info['u_title'] ) ) {
				$this->document->setTitle(trim($category_info['u_title']) );
			}
			else {
				$this->document->setTitle($category_info['meta_title']);
			}
                            //	END Ultimate Seo Package
			]]></add>
		</operation>

		<operation>
		<search position="replace"><![CDATA[
				$data['heading_title'] = $category_info['name'];
			]]></search>
			<add><![CDATA[
                            //	Ultimate Seo Package
			if (isset($category_info['u_h1']) && !empty($category_info['u_h1'] ) ) { 
				$data['heading_title'] = $category_info['u_h1'];
			}
			else {
				$data['heading_title'] = $category_info['name'];
			}
			if (isset($category_info['u_h2']) && !empty($category_info['u_h2'] ) ) { 
				$data['useo_heading_title2'] = $category_info['u_h2'];
			}
                            //	END Ultimate Seo Package
			]]></add>
		</operation>
	</file>

	<file name="catalog/model/catalog/product.php">
		<operation>
		<search position="before"><![CDATA[
				product_id'       => $query->row['product_id'],
			]]></search>
			<add><![CDATA[
			'u_title'					 => $query->row['u_title'], ////	Ultimate Seo Package
				'u_h1'						 => $query->row['u_h1'], ////	Ultimate Seo Package
				'u_h2'						 => $query->row['u_h2'], ////	Ultimate Seo Package
			]]></add>
		</operation>
	</file>

	<file name="catalog/view/theme/*/template/product/product.tpl">
		<operation>
		<search position="after"><![CDATA[
				<h1><?php echo $heading_title; ?></h1>
			]]></search>
			<add><![CDATA[
				<?php if (isset($useo_heading_title2)) {?><h2 class = "useo_h2"><?php echo $useo_heading_title2; ?></h2><!-- Ultimate Seo Package --><?php } ?>
			]]></add>
		</operation>
                
                
	</file>
        
	<file name="catalog/view/theme/*/template/common/header.tpl">
				<operation>
		<search position="before" ><![CDATA[
                    </head>
			]]></search>
			<add><![CDATA[
                            
			<!-- Ultimate Seo Package -->
			<meta property="og:title" content="<?php echo $title; ?>" />
                        <meta property="og:type" content="website" />
                        <meta property="og:url" content="<?php echo HTTP_SERVER; ?>" />
                            
                             <?php if (isset($thumb) || isset($images)) { ?>
         
            <?php if (isset($thumb)) { ?>
                      <meta property="og:image" content="<?php echo $thumb; ?>" />
            <?php } ?>
            <?php if ($images) { ?>
            <?php foreach ($images as $image) { ?>
                      <meta property="og:image" content="<?php echo $image; ?>" />
            <?php } ?>
                            
            <?php } ?>
          <?php }else{ ?>
                          <meta property="og:image" content="<?php echo $icon; ?>" />
               <?php   }  ?>
                        
            <!-- END Ultimate Seo Package -->
			]]></add>
		</operation>
                
	</file>
        
        <file name="admin/view/template/catalog/product_form.tpl">
		<operation>
		<search position="before" ><![CDATA[
                    <label class="col-sm-2 control-label" for="input-meta-title<?php echo $language['language_id']; ?>"><?php echo $entry_meta_title; ?></label>
			]]></search>
			<add><![CDATA[
			<!-- Ultimate Seo Package -->
			<label class="col-sm-2 control-label" for="input-meta-title<?php echo $language['language_id']; ?>">
			<span data-toggle="tooltip" title="Uncheck, if you want to change description or tags, and this not to affect the meta tags.">Auto change meta tags</span>
			</label>

			<div class="col-sm-10">
                      <input type="checkbox" name="used_auto_meta[<?php echo $language['language_id']; ?>]" value="checked" <?php echo isset($useo_auto_meta[$language['language_id']]) ? $useo_auto_meta[$language['language_id']] : ''; ?> placeholder="" class="form-control" />
			</div>
			</div>
			<div class="form-group required">
	<!-- END Ultimate Seo Package -->
			]]></add>
		</operation>
     

		<operation>
		<search position="before"><![CDATA[
				 <label class="col-sm-2 control-label" for="input-tag<?php echo $language['language_id']; ?>"><span data-toggle="tooltip" title="<?php echo $help_tag; ?>"><?php echo $entry_tag; ?></span></label>

			]]></search>
			<add><![CDATA[
			<!-- Ultimate Seo Package -->
			<label class="col-sm-2 control-label" for="input-tag<?php echo $language['language_id']; ?>"><span data-toggle="tooltip" title="If you leave it empty, document title will take product name. Change if you want it different for seo
">Document Title</span></label>
			<div class="col-sm-10">
			<input type="text" name="product_description[<?php echo $language['language_id']; ?>][u_title]" size="100" value="<?php echo isset($product_description[$language['language_id']]) ? $product_description[$language['language_id']]['u_title'] : ''; ?>" />
			</div>
			</div>
			<div class="form-group">

			
							
			<label class="col-sm-2 control-label" for="input-tag<?php echo $language['language_id']; ?>"><span data-toggle="tooltip" title="If you leave it empty, heading title (h1) will take product name. Change if you want it different for seo">Heading Title (h1)</span></label>

			<div class="col-sm-10">					
             <input type="text" name="product_description[<?php echo $language['language_id']; ?>][u_h1]" size="100" value="<?php echo isset($product_description[$language['language_id']]) ? $product_description[$language['language_id']]['u_h1'] : ''; ?>" />
             </div>
             </div>
			<div class="form-group">
             <label class="col-sm-2 control-label" for="input-tag<?php echo $language['language_id']; ?>"><span data-toggle="tooltip" title="Optional, displays under h1 title. Write something small and additional to heading 1, or title for better seo.">Secondary Heading Title (h2)</span></label>

			<div class="col-sm-10">					
			<input type="text" name="product_description[<?php echo $language['language_id']; ?>][u_h2]" size="100" value="<?php echo isset($product_description[$language['language_id']]) ? $product_description[$language['language_id']]['u_h2'] : ''; ?>" />
                </div>
                </div>
			<div class="form-group">
                            <!-- END Ultimate Seo Package -->
              
			]]></add>
		</operation>
	</file>

	<file name="admin/view/template/catalog/category_form.tpl">
<operation>
		<search position="before" ><![CDATA[
                    <label class="col-sm-2 control-label" for="input-meta-title<?php echo $language['language_id']; ?>"><?php echo $entry_meta_title; ?></label>
			]]></search>
			<add><![CDATA[
			<!-- Ultimate Seo Package -->
			<label class="col-sm-2 control-label" for="input-meta-title<?php echo $language['language_id']; ?>">
			<span data-toggle="tooltip" title="Uncheck, if you want to change description or tags, and this not to affect the meta tags.">Auto change meta tags</span>
			</label>

			<div class="col-sm-10">
                      <input type="checkbox" name="used_auto_meta[<?php echo $language['language_id']; ?>]" value="checked" <?php echo isset($useo_auto_meta[$language['language_id']]) ? $useo_auto_meta[$language['language_id']] : ''; ?> placeholder="" class="form-control" />
			</div>
			</div>
			<div class="form-group required">
	<!-- END Ultimate Seo Package -->
			]]></add>
		</operation>

		<operation>
		<search position="before"><![CDATA[
				      <label class="col-sm-2 control-label" for="input-description<?php echo $language['language_id']; ?>"><?php echo $entry_description; ?></label>

			]]></search>
		<add><![CDATA[
			<!-- Ultimate Seo Package -->
			<label class="col-sm-2 control-label" for="input-tag<?php echo $language['language_id']; ?>"><span data-toggle="tooltip" title="If you leave it empty, document title will take category name. Change if you want it different for seo
">Document Title</span></label>
			<div class="col-sm-10">
			<input type="text" name="category_description[<?php echo $language['language_id']; ?>][u_title]" size="100" value="<?php echo isset($category_description[$language['language_id']]) ? $category_description[$language['language_id']]['u_title'] : ''; ?>" />
			</div>
			</div>
			<div class="form-group">

			
							
			<label class="col-sm-2 control-label" for="input-tag<?php echo $language['language_id']; ?>"><span data-toggle="tooltip" title="If you leave it empty, heading title (h1) will take category name. Change if you want it different for seo">Heading Title (h1)</span></label>

			<div class="col-sm-10">					
             <input type="text" name="category_description[<?php echo $language['language_id']; ?>][u_h1]" size="100" value="<?php echo isset($category_description[$language['language_id']]) ? $category_description[$language['language_id']]['u_h1'] : ''; ?>" />
             </div>
             </div>
			<div class="form-group">
             <label class="col-sm-2 control-label" for="input-tag<?php echo $language['language_id']; ?>"><span data-toggle="tooltip" title="Optional, displays under h1 title. Write something small and additional to heading 1, or title for better seo.">Secondary Heading Title (h2)</span></label>

			<div class="col-sm-10">					
			<input type="text" name="category_description[<?php echo $language['language_id']; ?>][u_h2]" size="100" value="<?php echo isset($category_description[$language['language_id']]) ? $category_description[$language['language_id']]['u_h2'] : ''; ?>" />
                </div>
                </div>
			<div class="form-group">
                            <!-- END Ultimate Seo Package -->
              
			]]></add>
		</operation>	
	</file>

	<file name="catalog/view/theme/*/template/product/category.tpl">
		<operation error="skip">
		<search position="after"><![CDATA[
				<h1><?php echo $heading_title; ?></h1> 
			]]></search>
			<add><![CDATA[
				<?php if (isset($useo_heading_title2)) {?><h2 class = "useo_h2"><?php echo $useo_heading_title2; ?></h2><!-- Ultimate Seo Package --><?php } ?>
			]]></add>
		</operation>
	</file>
        
        <file name="catalog/view/theme/journal2/template/product/category.tpl">
		<operation error="skip">
		<search position="after"><![CDATA[
				<h1 class="heading-title"><?php echo $heading_title; ?></h1>
			]]></search>
			<add><![CDATA[
				<?php if (isset($useo_heading_title2)) {?><h2 class = "useo_h2"><?php echo $useo_heading_title2; ?></h2><!-- Ultimate Seo Package --><?php } ?>
			]]></add>
		</operation>
	</file>

</modification>
